<?xml version="1.0" encoding="UTF-8"?>

<!DOCTYPE hibernate-configuration PUBLIC
  "-//Hibernate/Hibernate Configuration DTD//EN"
  "http://www.hibernate.org/dtd/hibernate-configuration-3.0.dtd">

<hibernate-configuration>
	<session-factory>

        <property name="connection.driver_class">org.postgresql.Driver</property>
        <property name="connection.url">jdbc:postgresql://localhost:5432/gizhibernate</property>
        <property name="connection.username">postgres</property>
        <property name="connection.password">root</property>

        <!-- JDBC connection pool (use the built-in) -->
        <property name="connection.pool_size">1</property>

        <!-- SQL dialect -->
        <property name="dialect">org.hibernate.dialect.PostgreSQLDialect</property>

        <!-- Enable Hibernate's automatic session context management -->
        <property name="current_session_context_class">thread</property>

        <!-- Disable the second-level cache  -->
       <!--  <property name="cache.provider_class">org.hibernate.cache.NoCacheProvider</property> -->

        <!-- Echo all executed SQL to stdout -->
        <property name="show_sql">true</property>

        <!-- Drop and re-create the database schema on startup -->
        <property name="hbm2ddl.auto">create</property>

		<property name="hibernate.search.default.directory_provider">filesystem</property>
		<property name="hibernate.search.default.indexBase">target/indexes</property>
		<!-- <mapping class="org.hibernate.search.test.spatial.POI"/> -->
		<mapping class="com.hibernate.domain.Student"/>
		<mapping class="com.hibernate.domain.Book"/>
		<mapping class="com.hibernate.domain.Bank"/>
		<mapping class="com.hibernate.domain.Manager"/>
		<mapping class="com.hibernate.onetomany.Branch"/>
		<mapping class="com.hibernate.onetomany.Banks"/>
		<mapping class="com.hibernate.manytomany.Bus"/>
		<mapping class="com.hibernate.manytomany.Passenger"/>
		<mapping class="com.hibernate.manytoone.Class"/>
		<mapping class="com.hibernate.manytoone.Students"/>
		<mapping class="com.hibernate.manytoone2.Car"/>
		<mapping class="com.hibernate.manytoone2.Driver"/>
		<mapping class="com.hibernate.manytomany2.Books"/>
		<mapping class="com.hibernate.manytomany2.Author"/>

	</session-factory>
</hibernate-configuration>